<?xml version="1.0" encoding="UTF-8"?>
<project xmlns="http://maven.apache.org/POM/4.0.0" xmlns:xsi="http://www.w3.org/2001/XMLSchema-instance" xsi:schemaLocation="http://maven.apache.org/POM/4.0.0 http://maven.apache.org/maven-v4_0_0.xsd">
  <modelVersion>4.0.0</modelVersion>
  <groupId>com.cgm</groupId>
  <artifactId>dropwizard-mssql-invoice</artifactId>
  <name>DropwizardInvoiceApp</name>
  <version>1.0-SNAPSHOT</version>
  <prerequisites>
    <maven>3.0.0</maven>
  </prerequisites>
  <build>
    <pluginManagement>
      <plugins>
        <plugin>
          <artifactId>maven-clean-plugin</artifactId>
          <version>3.1.0</version>
        </plugin>
        <plugin>
          <artifactId>maven-install-plugin</artifactId>
          <version>2.5.2</version>
        </plugin>
        <plugin>
          <artifactId>maven-surefire-plugin</artifactId>
          <version>2.22.2</version>
        </plugin>
        <plugin>
          <artifactId>maven-resources-plugin</artifactId>
          <version>3.1.0</version>
        </plugin>
        <plugin>
          <artifactId>maven-enforcer-plugin</artifactId>
          <version>1.4.1</version>
        </plugin>
        <plugin>
          <artifactId>maven-compiler-plugin</artifactId>
          <version>3.8.0</version>
        </plugin>
        <plugin>
          <artifactId>maven-source-plugin</artifactId>
          <version>3.0.1</version>
        </plugin>
        <plugin>
          <artifactId>maven-javadoc-plugin</artifactId>
          <version>3.0.1</version>
        </plugin>
        <plugin>
          <artifactId>maven-jar-plugin</artifactId>
          <version>3.1.0</version>
        </plugin>
        <plugin>
          <artifactId>maven-shade-plugin</artifactId>
          <version>3.2.1</version>
        </plugin>
        <plugin>
          <groupId>org.codehaus.mojo</groupId>
          <artifactId>exec-maven-plugin</artifactId>
          <version>1.6.0</version>
        </plugin>
      </plugins>
    </pluginManagement>
    <plugins>
      <plugin>
        <artifactId>maven-shade-plugin</artifactId>
        <executions>
          <execution>
            <phase>package</phase>
            <goals>
              <goal>shade</goal>
            </goals>
            <configuration>
              <transformers>
                <transformer />
                <transformer>
                  <mainClass>${mainClass}</mainClass>
                </transformer>
              </transformers>
            </configuration>
          </execution>
        </executions>
        <configuration>
          <createDependencyReducedPom>true</createDependencyReducedPom>
          <filters>
            <filter>
              <artifact>*:*</artifact>
              <excludes>
                <exclude>module-info.class</exclude>
                <exclude>META-INF/*.SF</exclude>
                <exclude>META-INF/*.DSA</exclude>
                <exclude>META-INF/*.RSA</exclude>
              </excludes>
            </filter>
          </filters>
        </configuration>
      </plugin>
      <plugin>
        <artifactId>maven-jar-plugin</artifactId>
        <version>2.6</version>
        <configuration>
          <archive>
            <manifest>
              <addDefaultImplementationEntries>true</addDefaultImplementationEntries>
              <addClasspath>true</addClasspath>
              <mainClass>${mainClass}</mainClass>
            </manifest>
          </archive>
        </configuration>
      </plugin>
      <plugin>
        <artifactId>maven-compiler-plugin</artifactId>
        <configuration>
          <source>1.8</source>
          <target>1.8</target>
        </configuration>
      </plugin>
      <plugin>
        <artifactId>maven-source-plugin</artifactId>
        <executions>
          <execution>
            <id>attach-sources</id>
            <goals>
              <goal>jar</goal>
            </goals>
          </execution>
        </executions>
      </plugin>
      <plugin>
        <artifactId>maven-javadoc-plugin</artifactId>
        <executions>
          <execution>
            <id>attach-javadocs</id>
            <goals>
              <goal>jar</goal>
            </goals>
          </execution>
        </executions>
      </plugin>
      <plugin>
        <groupId>org.codehaus.mojo</groupId>
        <artifactId>exec-maven-plugin</artifactId>
        <configuration>
          <mainClass>com.cgm.invoice.InvoicesDropwizardApplication</mainClass>
          <arguments>
            <argument>server</argument>
            <argument>config.yml</argument>
          </arguments>
        </configuration>
      </plugin>
    </plugins>
  </build>
  <profiles>
    <profile>
      <id>dev</id>
      <build>
        <plugins>
          <plugin>
            <artifactId>maven-shade-plugin</artifactId>
            <executions>
              <execution>
                <phase>none</phase>
              </execution>
            </executions>
          </plugin>
        </plugins>
      </build>
    </profile>
    <profile>
      <id>jdk11</id>
      <properties>
        <maven.compiler.release>11</maven.compiler.release>
        <maven.compiler.source>11</maven.compiler.source>
        <maven.compiler.target>11</maven.compiler.target>
      </properties>
    </profile>
  </profiles>
  <dependencies>
    <dependency>
      <groupId>io.dropwizard</groupId>
      <artifactId>dropwizard-testing</artifactId>
      <version>2.0.2</version>
      <scope>test</scope>
      <exclusions>
        <exclusion>
          <artifactId>junit</artifactId>
          <groupId>junit</groupId>
        </exclusion>
        <exclusion>
          <artifactId>objenesis</artifactId>
          <groupId>org.objenesis</groupId>
        </exclusion>
        <exclusion>
          <artifactId>assertj-core</artifactId>
          <groupId>org.assertj</groupId>
        </exclusion>
      </exclusions>
    </dependency>
    <dependency>
      <groupId>org.junit.jupiter</groupId>
      <artifactId>junit-jupiter</artifactId>
      <version>5.6.0</version>
      <scope>test</scope>
      <exclusions>
        <exclusion>
          <artifactId>junit-jupiter-api</artifactId>
          <groupId>org.junit.jupiter</groupId>
        </exclusion>
        <exclusion>
          <artifactId>junit-jupiter-params</artifactId>
          <groupId>org.junit.jupiter</groupId>
        </exclusion>
        <exclusion>
          <artifactId>junit-jupiter-engine</artifactId>
          <groupId>org.junit.jupiter</groupId>
        </exclusion>
      </exclusions>
    </dependency>
    <dependency>
      <groupId>org.mockito</groupId>
      <artifactId>mockito-core</artifactId>
      <version>3.3.0</version>
      <scope>test</scope>
      <exclusions>
        <exclusion>
          <artifactId>byte-buddy-agent</artifactId>
          <groupId>net.bytebuddy</groupId>
        </exclusion>
        <exclusion>
          <artifactId>objenesis</artifactId>
          <groupId>org.objenesis</groupId>
        </exclusion>
      </exclusions>
    </dependency>
    <dependency>
      <groupId>org.glassfish.jersey.test-framework.providers</groupId>
      <artifactId>jersey-test-framework-provider-inmemory</artifactId>
      <version>2.30.1</version>
      <scope>test</scope>
      <exclusions>
        <exclusion>
          <artifactId>javax.servlet-api</artifactId>
          <groupId>javax.servlet</groupId>
        </exclusion>
        <exclusion>
          <artifactId>junit</artifactId>
          <groupId>junit</groupId>
        </exclusion>
        <exclusion>
          <artifactId>jersey-test-framework-core</artifactId>
          <groupId>org.glassfish.jersey.test-framework</groupId>
        </exclusion>
      </exclusions>
    </dependency>
    <dependency>
      <groupId>org.glassfish.jersey.test-framework.providers</groupId>
      <artifactId>jersey-test-framework-provider-grizzly2</artifactId>
      <version>2.30.1</version>
      <scope>test</scope>
      <exclusions>
        <exclusion>
          <artifactId>javax.servlet-api</artifactId>
          <groupId>javax.servlet</groupId>
        </exclusion>
        <exclusion>
          <artifactId>junit</artifactId>
          <groupId>junit</groupId>
        </exclusion>
        <exclusion>
          <artifactId>jersey-container-grizzly2-http</artifactId>
          <groupId>org.glassfish.jersey.containers</groupId>
        </exclusion>
        <exclusion>
          <artifactId>jersey-container-grizzly2-servlet</artifactId>
          <groupId>org.glassfish.jersey.containers</groupId>
        </exclusion>
        <exclusion>
          <artifactId>jersey-test-framework-core</artifactId>
          <groupId>org.glassfish.jersey.test-framework</groupId>
        </exclusion>
      </exclusions>
    </dependency>
  </dependencies>
  <reporting>
    <plugins>
      <plugin>
        <artifactId>maven-project-info-reports-plugin</artifactId>
        <version>2.9</version>
        <configuration>
          <dependencyLocationsEnabled>false</dependencyLocationsEnabled>
          <dependencyDetailsEnabled>false</dependencyDetailsEnabled>
        </configuration>
      </plugin>
      <plugin>
        <artifactId>maven-javadoc-plugin</artifactId>
      </plugin>
    </plugins>
  </reporting>
  <dependencyManagement>
    <dependencies>
      <dependency>
        <groupId>io.dropwizard</groupId>
        <artifactId>dropwizard-bom</artifactId>
        <version>${dropwizard.version}</version>
        <type>pom</type>
        <scope>import</scope>
      </dependency>
    </dependencies>
  </dependencyManagement>
  <properties>
    <dropwizard.version>2.0.2</dropwizard.version>
    <mainClass>com.cgm.dropwizard.DropwizardInvoiceApplication</mainClass>
    <project.reporting.outputEncoding>UTF-8</project.reporting.outputEncoding>
    <project.build.sourceEncoding>UTF-8</project.build.sourceEncoding>
    <junit5.version>5.6.0</junit5.version>
  </properties>
</project>
